layer_name,min,max,5th_percentile,95th_percentile
marker_stem,-6.402008056640625,5.634586334228516,-1.3500975370407104,1.70442533493042
blocks.0.marker_shortcut,-6.125609397888184,5.299340724945068,-1.2323240041732788,1.4550392627716064
blocks.0.marker_relu1,-7.09964656829834,6.725044250488281,-1.4446046352386475,1.597612738609314
blocks.0.marker_relu2,-6.911434173583984,7.985694408416748,-1.6254228353500366,2.090078353881836
blocks.1.marker_shortcut,-7.103938579559326,5.591487884521484,-1.3036929368972778,1.1822431087493896
blocks.1.marker_relu1,-6.5121636390686035,6.686522960662842,-1.7572559118270874,1.188094973564148
blocks.1.marker_relu2,-5.980114936828613,7.199912071228027,-1.6291834115982056,1.8055070638656616
blocks.2.marker_shortcut,-5.76067590713501,9.927419662475586,-1.406272053718567,2.777804136276245
blocks.2.marker_relu1,-5.232964515686035,4.4738006591796875,-1.5904725790023804,1.2107740640640259
blocks.2.marker_relu2,-6.6045403480529785,14.847915649414062,-2.032585620880127,5.541114807128906
